Date;Rating;Content;Auteur;ResponseMonoprix
2025-01-20 00:00:00;1;impossible de commander sur le site qui ne fonctionne pas depuis le début des soldes. Le service client est incapable de trouver une solution. Mais vu les avis négatifs des clients cela ne donne pas envie de commander.;SRAP;True
2025-01-26 00:00:00;1;livraison qui arrive avec la moitié des produits. Livraison un dimanche annulée à la dernière minute. Service déplorable.;Idas;True
2025-01-10 00:00:00;5;Bonne année ana je te souhaite que le meilleur  Merci pour l'accueil tu es très très aimable souriante les patients avec les clients et les sandwichs j'adore.A bientôtMerci;Goutte Dor;True
2024-11-17 00:00:00;4;Un problème de debit : montant prélèvé 2 fois sur les machines automatiques . Les caissières qui sont la depuis longtemps ont ete tres reacives et aimables .Il N?En n?a Pas Été de Même D?un Responsable Rémi , pendant mes explications ?.;gg;False
2024-11-14 00:00:00;1;J?ai commandé les bougeoirs de la collection Axel Chay x MonoprixL?un des bougeoir est arrivée complètement piqué / rouillé ?Les collaborations avec des designer peuvent faire rêver mais que de nom car la qualité n?est clairement pas au rdv. Très déçu;Melanie;False
2024-12-20 00:00:00;1;Commande passée le 13 décembre toujours pas de nouvelle alors que c?est noté livraison le 16Mail au service client aucune réponseJ?ai appelé aussi le service client qui ne répond jamais !!!!!;Alexandra Deloison;True
2024-12-04 00:00:00;2;Caissières très compétentes. Mais les jeunes que vous employez aux rayons vêtements vous ignorent. Manque de sourires et d'amabilité indispensables pour retenir un client.;Cottenceau;True
2024-08-13 00:00:00;5;Très bon accueil. Personnel souriant, aimable et toujours prêt pour nous diriger e nous aider dans le magasin.Côté Déco vraiment sympa ainsi que la partie vestimentaire.Il est propre.Vraiment merci à toute l'équipe, continuez.Valérie DUBOIS;Valérie D. c. G.;False
2024-12-10 00:00:00;1;Commande validé avec disponibilité OK le 03/12, avec une livraison entre le 5 et le 10/12... SAUF que le 10/12 on m'envoi un mail d'annulation car pas de stock. Mensonge, nul et je ne recommande pas du tout !;Julien D;True
2024-12-08 00:00:00;4;BonjourJe ne suis pas d accord avec les avis que j ai pu lireJe vous invite à comparer, les détracteurs d aujourd'hui seront les premiers à regretter si monop fermait les portesDonc de la retenueMerci de votre écouteBien à vous;Dominique Descombes;True
2024-05-27 00:00:00;1;Protège-matelas molletonné bio d'une qualité déplorable (des peluches qui infestent tout le lit et la chambre) et d'un prix excessif. Les housses de couette et les draps sont du même acabit (quasi transparents à force d'être fins);M Flo;False
2024-04-27 00:00:00;2;J?avais reçu des chèques en dédommagements d?un produit défectueux. La date a expirée je les contacte afin qu?ils soient prolongés ce qui en soi si la volonté est de reparer leur erreur se fait, refus de leur part. Déçu a éviter;Jennifer;False
2024-04-14 00:00:00;1;J?ai acheté un plat de nouilles préparé ce matin au rayon sushi/asiatiqueJe l?ai mangé à midi et suis maintenant tellement malade que je ne peux pas sortir de chez moiJ?ai essayé d?appeler plusieurs fois pour prévenir mais personne ne réponds;Sophie Jasinski;False
2024-02-22 00:00:00;1;Lamentable la nouvelle politique de comamnde en ligne chez MONOPRIX!!!Impoosible de commander plus de 3 packs de boissons, je ne suis plus client de votre enseigne désormais, INTERMARCHE et SUPER U gagnent de nouveaux clients!Du grand n'importequoi!;dina fatine;False
2024-04-12 00:00:00;1;Monoprix Issy les Moulineaux : nulPersonne à l?accueil, ça ne gêne personne visiblement, on attend comme des idiots ! Bravo la qualitéJe ne remettrai plus les pieds vu la considération que l?on porte aux clients !;Didier R.;False
2023-11-12 00:00:00;1;Une honte ce magasin toujours sale la queue le dimanche car deux caisses automatiques ouvertes seulement à quoi bon ouvrir ? Et vu les prix élevés pratiqués on s?attendrait à un service plus qualitatif !;Barbara Benassaya;False
2024-12-09 00:00:00;1;commande passée le 29/11annoncé livrée sous 4 jours ouvrés (en boutique)12 JOURS  plus tard la commande n'est même pas préparée !Faut changer de métier : si on ne sait pas faire de e-com on reste épicier de rue et puis c'est tout !;Romain Chzt;True
2024-01-25 00:00:00;5;Monoprix Rouen : la personne à l'accueil de ce magasin est d'une gentillesse extrème , cela fait du bien de rencontrer une telle personne . Je crois avoir entendue son prénom et je me permets de le dire Virginie . Merci;david aublé;False
2024-10-15 00:00:00;5;L'équipe de caisse de Monoprix villeurbanne est exceptionnelle !! Très agréable et très efficace surtout une dame qui s'appelle Arame !!;Nadia Sunshine;False
2023-10-27 00:00:00;1;Monoprix levallois le soir 20 h 30 23 oct 20231 seul caissier parle en arabe avec une cliente et amdoula à chaque produit soit 15 fois. Parle un Français basique à peine compréhensible. Paiement autonome ne fonctionnait pas;loterstein;False
2024-01-10 00:00:00;5;Des équipes au coeur de la relation clients accueillant et poli un magasin où on trouve tout et la livraison a domicile c'est canon je recommande !Merci Monoprix Cannes;Ced C;False
2024-06-22 00:00:00;5;Agréablement surprise pour une première visite. Magasin clair, bien rangé, joli coin vêtements à des petits prix. Je reviendrais.;Suzanna Aradszki;False
2024-10-21 00:00:00;1;Monoprix de saint mande à fuir ? des queues inimaginables aux caisses à tous les étages , du bazar dans tous les rayons ?. À quand du personnel de qualité pour une telle enseigne ?;Sandrine Bianco;False
2023-11-12 00:00:00;5;Monoprix Plus à Paris,j'achète en ligne depuis quelques temps, service de livraison impeccable, excellent service client, large choix de produits! Merci;Bruno Leopardi;False
2024-05-29 00:00:00;1;J utilise souvent l appli ou le site Monoprix.fr mais je n'ai jamais  vu une appli aussi lente. Ça rame tellement que parfois je renonce.J ai déjà essayé de réinstaller. Rien à  faire.;M F;False
2024-08-11 00:00:00;3;le personnel à la caisse est limite aimableun employé qui met en rayon des produits frais est sale sur luile magasin est beau, mais le personnel fait très mauvaise impression;Laurence Chouipe;False
2024-04-28 00:00:00;1;Sur un filet d orange à jus, 4 sont réellement pourries, à jeter, du coup il ne me reste plus grand chose dans mon filet, ceci se reproduit régulièrement depuis quelques semaines ainsi que pour les melons qui sont encore congelés à la vente.;Josyane Beau;False
2024-06-10 00:00:00;1;J?ai acheté des avocats ils étaient tous pourri à l'exception d?un seuil avocat donc un avocat m?a coûté 6 euros;tubiste;False
2023-10-06 00:00:00;1;Pensez à bien greffer votre téléphone sur votre oreille car si vous n?êtes pas joignable il vous annule la commande sans même vous prévenir;Myriam;False
2024-04-17 00:00:00;1;La qualité a beaucoup baissé. Textile mal coupé, fils qui dépassent. A ce rythme c'est le dépôt de bilan qui se profile.Acheté deux jeans en ligne made in Tunisia. Dignes de produits chinois bas de gamme;misterlee;False
2024-08-14 00:00:00;1;Magasin totalement désorganiséRayon souvent vide...Pas de reassortAccueil détestable..Effectif très faibleCaissière exécrable..A FUIR;VALERIE PAILLER;False
2024-11-20 00:00:00;1;Achat d'une carte cadeau virtuelle de 60?. Débit effectué sur mon compte, carte jamais reçu !!!!;pelouse;False
2024-12-08 00:00:00;1;Commande passée le 02/12 et toujours pas de nouvelles en dépit de mes tentatives de prise de contact avec le service client?À fuir;Saran Elaphe;True
2023-12-17 00:00:00;1;Monoprix Auxerre :magasin en perdition !Personnel et produits de plus en plus rare.Produits périmés non retirés.Ne fait plus envie;jean cos;False
2024-10-20 00:00:00;3;Je ne reviendrai probablement pas et déconseille fortement, car le rapport qualité-prix n?est plus du tout au rendez-vous.;Roman altay;False
2024-03-20 00:00:00;1;Plus de caissières, que des caisses automatique, et je ne vous dis pas l'accueil de la responsable de ces caisses.Grasse pays du parfum, je pense que cela ne sent pas très bon pour ce magasin.;THOMAS RAHIER;False
2024-06-27 00:00:00;1;Bonjour, j'aimerais savoir pourquoi vos rayons sont tout le temps vide . cordialement.;Dumont;False
2024-02-10 00:00:00;1;Manifestement, le Monoprix de Pau refuse les remboursements de produits Monoprix achetés en dehors du magasin. Politique commerciale déplorable d'autant qu'il y a de moins en moins de personnel dans ce magasin hormis les vigiles.;Fabrice COURTOIS;False
2024-03-01 00:00:00;2;Que faites-vous pour nous? Nous vendre des têtes d?ail venant d?Argentine par exemple. Car nos agriculteurs en sont incapables ?;Jean Pierre Mayer;False
2024-02-04 00:00:00;1;"Impossible de vérifier en caisse le prix d'un article qui était dans les soldes, sans l'acheter, sinon ""ça bloque la machine"" !!! Donc je n'ai pas pris le risque....ne vous étonnez pas de louper des ventes....!!!";Marie D;False
2023-10-17 00:00:00;5;Mon avis précédent a fonctionné !J'ai eu des yaourts au marron comme je voulais et des yaourts au riz au lait !Super entreprise !Merci !;Michel Ouannès;False
2024-09-26 00:00:00;1;Je n ai reçu que 4 articles sur 16... refus de me relivrer ou rembourser le reste...Service client fait la sourde oreille. Je ne vous le conseille pas...;Anna;False
2024-10-09 00:00:00;1;Une enseigne horriblement cher j'évite d'y aller le moins possible vraiment excessivement cher !!!!;Nadege Fabian;False
2024-03-02 00:00:00;5;Décoration superbe, de grande qualité, commande fluide, livraison rapide en chronopost, très bien emballé, aucune casse et retour facile;Amandine Lagarde;False
2024-01-28 00:00:00;1;Aldi nouvelle direction de charenton quel honte  caissière gérant ?des voleurs;Tg Stp;False
2024-02-10 00:00:00;1;Boulangerie vide !À quoi ça sert une boulangerie si il n?y a toujours plus de pain ? 11h ou 18h30;RV73;False
2023-09-20 00:00:00;1;;Michael Daivd;False
2023-12-14 00:00:00;1;Aucun respect pour la clientèle cette enseigne.;Thuilier;False
2024-10-07 00:00:00;1;Vigile impoli,grossier et agressif;Jules Durand;False
2024-02-07 00:00:00;4;Bonne qualité, prix un peu hauts.;Étienne V.;False
2023-08-12 00:00:00;1;"Publicité mensongère du 10 au 12 aout ""pour tout achat 60euros offerts: Arnaque Dépenser d'abord 240euros.";EVELYNE ORFEUIL;False
2023-07-27 00:00:00;5;Toujours content de mes achats. Les vêtements sont de bonnes qualités.;Antoine;False
2023-07-25 00:00:00;5;Magasin très complet avec beaucoup de produits frais ainsi qu?avec beaucoup de variété. Le personnel est très souriant et agréable.;Tiffany;False
2023-07-18 00:00:00;1;Vêtements commandés ne correspondent nullement à la photo et pour le retour à nos frais ! Pas d?étiquette retour !! Il faut la faire soit même !! Plus jamais dans ce site !! Honteux !!;Ellen Lamoury;False
2023-07-18 00:00:00;5;Monoprix bien placé et qui  bien. Je m?y rend souvent lorsque je n?ai pas le temps de rentrer chez moi déjeuner. Les produits sont frais et pas chère.;Laurent;False
2023-06-25 00:00:00;1;Monoprix champs élysee...Produits périmée avant la date limite...Dessert décongeler vendu 11 jours encore après décongélation un goût infecte...Une honte pour une si grand enseigne et si CHERS...;Jessica Julliard;False
2023-06-20 00:00:00;5;Le magasin est très bien placé avant de faire des les grandes courses à côté, en plus de cela le magasin est propre et il y a beaucoup de choix;Eric ram;False
2023-06-16 00:00:00;5;Très bon magasin qui permet de dépanner avant de faire les magasins !;Mathieu;False
2023-06-08 00:00:00;5;Le monop? est vraiment bien placé, très grand (alors que c?est dans une gars) et les prix sont abordables.;Clara;False
2023-06-07 00:00:00;1;Monoprix St maur 94 rue baratte choletLe bazar complet!!! une seule caisse automatique de disponible, aucun responsable pour débloquer et une seule caissière au travail avec une queue de 20 personnes;Sylvana G;False
2023-06-02 00:00:00;2;Monop boulainvilliers.Le personnel est peut-être occupé, mais bonjour au revoir et ne pas écraser les affaires en les scannant est le minimum. Les clients sont des etres humains pas des machines.Une cliente fidèle;MLG;False
2023-05-27 00:00:00;5;Cliente du Monoprix de Bayonne, j'apprécie le professionnalisme de toute l'équipe toujours agréable.Je recommande vivement;Carty  Nathalie;False
2023-04-19 00:00:00;1;Site particulièrement nul, après avoir fait le tri selon quelques critères, on vous dit 69 articles mais là IMPOSSIBLE DE LES FAIRE DEFILER!Et ce n'est pas la première fois.;Marikat Ablain;False
2023-04-12 00:00:00;1;A ce niveau on frole l'escroquerie en bande organisé ...;Michael Sanquer;False
2023-04-08 00:00:00;5;Merci Sarah de Monoprix st cloud pour remboursement d?article défectueux et temps passé.;Stephanie;False
2023-04-05 00:00:00;1;SCANDALEUX DE DEVOIR ATTENDFRE 4 MOIS UNE FACTUREn° commande :407-6919036-5413902;Thibault Mollat;False
2023-03-25 00:00:00;1;lamentablecompte bloqué, impossible de commander.MONOPRIX, n'a plus besoin de client, et leur fait un beau doigt d'honneur !;ML;False
2023-02-25 00:00:00;1;Toutes les caisses manuelles fermées un samedi en milieu d'après midi. Et quand je contacte le service client, le manager de la relation client m'explique que c'est normal et que je n'ai pas à me plaindre.Surprenant !;Jean-marie Guerout;False
2023-02-18 00:00:00;1;Au Monoprix de Poitiers, la caissière vous hurle dessus de ne pas ouvrir un rouge à lèvres alors qu'il n'y a pas de testeur. Pour un rouge à lèvres à 13 euros, je pense que j'ai le droit de regarder la couleur, non ?;Cegu;False
2023-02-16 00:00:00;1;Parking très sale. L'expérience cliente est à revoir complètement. A nettoyer rapidement;Herve;False
2023-02-02 00:00:00;2;Comment Monoprix conserve ou augmente ses marges discrètement?Un exemple le papier hygiénique: -2 cm de hauteur et roulage moins serré pour donner l illusion d un rouleau identique. Le prix n a pas été réduit.Bravo;JPG;False
2023-01-24 00:00:00;1;Vendeuse pas aimable, pas souriante,et hautaine;Ines Robin;False
2022-12-24 00:00:00;2;Plutôt chère pour un magasin qui s?appelle monoprix;Sinay;False
2022-11-08 00:00:00;1;4 commandes passées 4 commandes annuléesincapable d'honorer une seule cmd, ce magasin ne doit pas exister, leurs articles sont imaginaires...;delta_sigma;False
2022-11-06 00:00:00;4;J'adore le pull que j'ai acheté. Une chaîne qui propose des gammes larges de choix sur tous aspects maison.;Louise;False
2022-10-13 00:00:00;2;Je viens d acheter du boudin aux pommes...à la coupe ...encore une fois ce N EST PAS BON!!!!!les pommes ont été oubliéees...comme toujours insipide;Durufe;False
2022-09-12 00:00:00;1;COMMANDE du 26 AOUT TOUJOURS en ATTENTE MAIS . . . LE MONTANT BIEN DEBITÈON ENCAISSE MAIS ON LIVRE PASCE QOUI CE FOUTOIR ?;ANDREU KIM;False
2022-09-09 00:00:00;1;La formation du personnel devrait inclure urgemment des cours de politesse,d'amabilité...et veiller à moins de vulgarité!;Patrick Marcoux;False
2022-09-09 00:00:00;4;Prix élevées mais service de livraison (starservice) de qualité;Martin Dumas;False
2022-07-23 00:00:00;1;Service client nul nul nul!Ma carte fidélité ne fonctionne plus depuis des mois, je suis toujours à 0? et on me répond des articles des CGV disant que Monoprix pouvaient modifier ses conditions à tout moment.Ref dossier: 4259177;Audrey;False
2022-07-13 00:00:00;1;service méprisant  absence  de personnel aux caissesles stagiaires sont les seules a être attentif aux clientsje vais éviter d'y aller au magasin  Vaugirardet en plus certains articles ne sont pas soldés de la meme manière d un magasin a l autre;Jean Yves Le Corre;False
2022-05-28 00:00:00;1;Horreur, tout les produits achetés( a part fruit et légumes) étaient environ  périmés d?un mois et plus, bon ce n?est pas toxique de les manger bien sûr mais c?est intolérable!;Rosalie;False
2022-05-21 00:00:00;1;Mais qu'est-ce que les filles sont désagréables!!!!Si c'est un critère de recrutement,toutes mes félicitations à la DRH;Patrick Marcoux;False
2022-05-05 00:00:00;5;Monop Brotteaux à Lyon très bien, responsable très professionnel;Julie Nangeroni;False
2022-05-03 00:00:00;3;;Jack Jose;False
2022-04-08 00:00:00;4;Bien pour les courses en ligne. Livraison Star Service avec un bon service;David S;False
2022-03-10 00:00:00;4;Monoprix plus est certes assez cher mais vraiment pratique et offre un choix étendu de produits qui me conviennent. En cas d?incident lors d?une livraison le service client est très réactif et les livreurs toujours sympathiques.;Pascal;False
2022-03-04 00:00:00;5;La meilleure chaîne de magasins alimentaires. Prix intéressants avec les promotions, surtout avec l'abonnement monopflix. Produits de grandes qualité. Service clientèle irréprochable, parfois dans l'excès d'attention.;wepler wepler;False
2022-01-28 00:00:00;5;Livraison effectuée dans les délais, dans le respect des gestes barrières, avec amabilité et sourire.Merci Arice !;SylvieP;False
2022-01-14 00:00:00;2;Je trouve que la qualité du Monoprix Canebière à Marseille baisse beaucoup: rayons frais presque vides, prix non affichés. Le personnel et la livraison sont toujours impeccables, mais l'approvisionnement laisse à désirer;Laval;False
2022-01-08 00:00:00;1;Ma commande a été annulée, sans motif. J'ai donc contacté le service client qui a été incapable de me donner une raison. Enseigne pas fiable, service client incompétent.;jennifer;False
2021-12-27 00:00:00;1;leur site ne fonctionne jamaisj'ai définitivement abandonné;ANNELLE;False
2021-12-24 00:00:00;1;Ne merite pas de commentaire quand le minimum du code de commerce n existe pas.;Carlo Villa;False
2021-12-22 00:00:00;1;Dommage que la parapharmacie soit représentée par une personne qui n'aime pas où plus communiquer, quand on a la chance qu'elle soit présente !!! ??Cela fait pas mal de temps que l'humeur est dérangeante.;Marie Ganci;False
2021-12-15 00:00:00;1;Déçue.. avant j?y allais spécialement pour leur sandwich triangle duo de saumon pain suédois fromage frais et aujourd?hui à la place du fromage frais ils mettent du yaourt. Tellement mauvais dommage;Ben;False
2021-11-21 00:00:00;5;Je viens de me faire livrer aujourd'hui le 21 novembre entre 7 et 8. Le livreur m'a envoyé un SMS pour me prévenir qu'il serait en avance. Vraiment top ce livreur et très compétent  Je lui met la note de 10 sur 10.;isabelle VERGES;False
2021-11-08 00:00:00;5;Merci à Alexandra directrice Monoprix Mandelieu pour son professionnalisme, sa compétence et sa gentillesse à régler les petits problèmes avec sa clientèle. ??????;Brigitte Daubigny;False
2021-10-11 00:00:00;1;Si seulement leur site marcher correctement. Pendant 30 min j'essay et je n'arrive pas a m'inscrire et ensuite, une fois inscription reussite impossible d'acceder a mon compte. Il faut attendre une validation pendant combien de temps? Un mois?;Tanya Kirova;False
2021-10-06 00:00:00;1;MONOPRIX CROISE LAROCHE, Avenue de la République, 59700 Marcq-en-Bar?ul?Produit trop cher ?????????pour le peu que j'ai pris ( payer 69.39 ? )?;Alex Cocatrix;False
2021-09-22 00:00:00;1;Site internet incompréhensible et beaucoup articles ni figurent pas.Expérience client déplorable;Lv;False
2021-09-12 00:00:00;1;Cette marque étant anti-Noël et fêtes de fin d'année nous n'y achèterons plus jamais quoi que ce soit.;c;False
2021-09-11 00:00:00;1;Il manque SYSTÉMATIQUEMENT des produits, et je me fais engueuler au téléphone !Plus jamais;Consumer;False
2021-07-31 00:00:00;1;Pas vraiment aimable la vendeuse. Pas un bonjour ni un aurevoir;Sorikane Miwa;False
2021-07-30 00:00:00;2;BonjourC?est Monoprix Quoi ?.. si on peut éviter c?est mieux;No Pseudo;False
2021-07-29 00:00:00;4;Assez cher, mais ça se sait. Quand je veux faire des économies, je vais ailleurs. Toutefois, le choix est large et on trouve ce que l'on cherche, c'est le principal.;olivier GE;False
2021-07-10 00:00:00;1;VIANDE HACHEE PERIMEE DE TROIS JOURS LIVREE ADMISSIBLE;Sonia Garreau Delplanque;False
2021-07-08 00:00:00;5;J?ai acheté trois fois sur ce site Internet. C?était des vêtements à  Récupérer en click and collect. Ça s?est très bien passé. Je recommande;LiliFrance;False
2021-07-08 00:00:00;1;Le monoprix dherblayamabilité 0 entre la vendeuse qui ne dit ni bonjour ni au revoir et le monsieur qui donne les collis ?????? plus jamais je mettrais un pied chez eux !!!;Marie;False
2021-06-01 00:00:00;1;Un service de livraison affreux qui ne respect pas le client ni les horaires de livraison. Monoprix se veut d'une enseigne chic mais elle est complétement nul;Dimeh;False
2021-05-27 00:00:00;1;Site horriblement lent, ce qui décourage de tout achat;Aude Le Taro;False
2021-05-26 00:00:00;1;Monoprix de TroyesVigile agressif, bouscule, menace et insulte la clientèle !!!! J?ai fait des réclamations auprès de la direction du magasin. Aucune suite le directeur protège son vigile malgré les plaintes des clients!!!!!;Tokyo K;False
2021-05-15 00:00:00;2;J?ai rarement vu un site aussi peu performant. Chaque étape prends plusieurs minutes l?expérience utilisateur est tout simplement désastreuse. Heureusement les livreurs sont toujours très sympatiques;Margaux;False
2021-05-14 00:00:00;1;Il est impossible de commander en ligne, ni en livraison à domicile ni en click & collecte ! Que ce soit via le site internet ou via l'application! Et pourtant ça fait 4 jours que j'essais;KEZ;False
2021-05-12 00:00:00;1;Impossible de commander des vêtements en ligne.première expérience : commande annulée après achat sans motifs.Dixième expérience : Produit en stock en magasin mais impossible de l'ajouter au panier !;mari;False
2021-05-10 00:00:00;1;Comment supprimer?;Y?en a Marre;False
2021-05-03 00:00:00;4;BonjourFidèle client de Monoprix depuis longtemps magasin impeccable personnel agréable seul bémol la caissière des caisse automatique non masqué;Marzullo;False
2021-05-02 00:00:00;5;Très bon service. Date de limite de consommation éloignées. Livreurs aimables. Chaîne du froid respectée. Je me fais livrer chaque semaine depuis des mois et les problèmes (mineurs) sont rares. Je recommande.;Johann Wattiez;False
2021-04-29 00:00:00;4;Service impeccable, livreur serviable et polie. Je suis au 5 eme étages sans ascenseurs et j?ai mes courses devant la porte un grand merci !!!;Alexandre Radosavljevic;False
2021-04-26 00:00:00;5;Très bonne expérience d'achat de vêtements en ligne pendant le troisième confinement.;Nina  Klinovskaia;False
2021-04-08 00:00:00;4;;Lilo;False
2021-03-24 00:00:00;3;Beaucoup de références, prix élevé et magasin vieillot;Anne-laure poirier;False
2021-03-19 00:00:00;5;Je viens depuis longtemps faire mes courses dans ce magasin que je trouve d une propreté exemplaire. Quant aux employés, ce sont des petites fourmis, vivaces dans leurs rayons respectifs, toujours impeccables.;GILL;False
2021-03-08 00:00:00;1;Parle très mal avec clients, hôtesse de caisse;Olesia Asauliak;False
2021-02-15 00:00:00;1;Site beaucoup trop lent, impossible de faire ces courses... Je retourne chez la concurrence...;Bastien Chambon;False
2021-02-03 00:00:00;1;Hotesse de caisse ANTHIPATHIQUE Maguy B. devrait appliquer ses commentaires envers les autres commerces du territoire pendant son temps de travail ou bien  rester à  diriger ses gosses;Huguette;False
2021-01-20 00:00:00;3;Beaucoup d'erreurs dans les livraisons mais service client au top pour les litiges !;Jay;False
2021-01-19 00:00:00;2;Attention de bien vérifier l'étiquetage et la facturation car la présentation des produits est trompeuse, je me suis faite avoir plusieurs fois.;carole lerouge;False
2021-01-18 00:00:00;1;Stop au génocide Ouïghours !Monoprix montrez l'exemple arrêtez d'Acheter en Chine!Il y a assez de pays dans le monde en Europe, au Maghreb en Afrique pour faire du commerce!!!Ne fermez pas les yeux!Pas de collaboration!;Chevalier Martine;False
2021-01-07 00:00:00;1;pire service existantDu jamais vu !!!!;lucca velarde;False
2020-12-31 00:00:00;1;Un conseil changer votre personnel de caisse;Nathalie M;False
2020-12-16 00:00:00;3;Bon rapport qualité-prix, service de livraison bien.;Mimosa;False
2020-12-15 00:00:00;1;Les caissière sont méchantes et rasistes la  responsable est pire, aucun de respect.;Lina Atia;False
2020-12-08 00:00:00;1;"Au monoprix Championnet un employé du rayon Traiteur ne met jamais de gants pour manipuler la charcuterie...Il dit ""ne pas être obligé"" ... Même en période de crise sanitaire ?";Marianne D;False
2020-12-25 00:00:00;3;"Le suivis de livraison côté ""mode"" n'est pas très clair.Colis arrivé !";Ushum.Gal;False
2020-12-01 00:00:00;1;J'ai acheté un pull jaune en cachemire avec des boutons. Dès que je l'ai porté  plein de bouloches se sont formées. Je les ai retirées mais il fait vieux et usé alors que je ne l'ai mis que 2 fois. Je suis extrêmement déçue;Claire Perisset;False
2020-11-13 00:00:00;1;il manque plusieurs articles à la livraison, décevant...il faut réclamer...c'est pénible.;Constance;False
2020-11-13 00:00:00;5;j'ai acheté quelques articles textiles à monoprix. Je suis tres satisfaite de la qualité des vetements maillot de bain et meme les chaussure. Je n'y vais qu'en solde en revanche sinon le prix est un peu elevé.;LAGHROUR MSU;False
2020-11-09 00:00:00;1;Je suis très satisfaite du monoprix gorbella Nice tant au niveau de l accueil et des produits et ce, depuis plusieurs années.;Aimar;False
2020-10-07 00:00:00;3;;Robert;False
2020-10-07 00:00:00;1;Monoprix 3 rue de la station 92600 Asnièresles employés qui chassent les clients.....ni bonjour ...ni au revoir..... c'est une Honte pour ce Monorprix  3 rue de la station asnières qui embauche des gens pas compétentqui respectent pas les clients;lila;False
2020-10-06 00:00:00;2;Bonjour, je voulais mettre 4 étoiles, mais le gel hydroalcoolique à l'entrée est infect (peut être qu'un mélange avec des huiles essentielles ou autres serait bénéfique) !! Après plusieurs lavages de mains, j'ai encore l'odeur horrible de leur gel !;Clément Faillon;False
2020-10-01 00:00:00;2;Je commande en ligne et je vous sommerais de VÉRIFIER VOS CONFITURES !!! J'EN AI RAS-LE-BOL DE RECEVOIR DES CONFITURES MOISIES, ÇA FAIT DEUX FOIS D'AFFILÉE !!!!!;Roberta Robert;False
2020-09-23 00:00:00;1;Prix élevé, habille vieillot.;Machou Maachou Boutkhil;False
2020-09-09 00:00:00;1;Employés qui vous envoient balader avec mépris quand vous leur demandez un renseignement. De moins en moins de choix et des produits non-renouvelés.;RICHEY;False
2020-09-08 00:00:00;5;Monoprix  est le meilleur  qualité prix,,Cliente depuis des années;Polledri;False
2020-08-29 00:00:00;1;Leur site internet bug depuis une semaine, j?ai beau téléphoner au service client rien ne fonctionne.  Vraiment décevant et service client à revoir.;Nefer;False
2020-08-28 00:00:00;1;c'est inadmissible que les panier des courses soient sales, c'est dégoûtant! l'hygiène doit etre stricte dans un magasin d'alimentation. il faut croire que le responsable n'est pas a l'hauteur.;Maria Pirastu;False
2020-07-26 00:00:00;2;Quelques courses en 20 min chrono au Monop Paris NATION...35 min d'attente en caisse !Personnel franchement désagréable.Prix de moins en moins attractifs... La Covid 19 a bon dos !Je vais arrêter cette enseigne !;Loïc BAFFIER;False
2020-07-20 00:00:00;1;Bonjour,Suite à mon achat, j'ai achetée un pack d'eau de la marque source des pins, en deballant le pack de 6 bouteilles, surprise j'ai trouvée une bouteille vide.Bizarre apparement on contrôle pas les produits au monoprix.Décevant.;Isabelle Roux;False
2020-07-16 00:00:00;1;la pate à tartiner marque MONOPRIX acheté à Monoprix beaugrenelle 75015 c'est une arnaque, mon fils est tombé malade (vomissement et maux de tete)je demande au responsable de revoir ça recette;jérome;False
2020-07-16 00:00:00;4;j y ai trouve de bons produits. magasin propre personnel aimable bon achalandage rien a redire.;Chantal;False
2020-07-14 00:00:00;1;Magasin de merdas... Obligé les gens à porter le masque, je suis allé chez carrefour.;Nathalie Aimmeur;False
2020-06-28 00:00:00;5;Les équipes sont formidables, elles gardent le sourire malgré la période du covid.Mise en-avant des créateurs de saint cloud pour relancer le commerce super initiative.;Robin;False
2020-06-28 00:00:00;1;Les stocks ne sont pas gérés en temps réel. Du coup produits manquants.Livraison le soir à 18h30 pour les courses de la semaine, je n'ai eu que des produits qui perissaient le jour même où le lendemain !!Plus jamais ! Première et dernière fois !;laetita GUYOT;False
2020-06-18 00:00:00;1;2? pour retirer un article ds le Monoprix le plus proche c est très exagéré je trouveLes retraits sont gratuits partout !!;Patti smith;False
2020-05-25 00:00:00;1;magasin rue daguere a éviter absolument  vigiles  agressives  sans raisons;Abdelkader Bounoir;False
2020-05-16 00:00:00;1;"Aucune réponse de leur ""service client"" . Ai ouvert un litige avec Paypal pour me faire rembourser la livraison non effectuée. A suivre";Vasseur JL;False
2020-05-14 00:00:00;1;Site complètement obsolète. Demande d'aide pour régler le problème et pouvoir commander. Pas de réponses et articles maintenant indisponibles. Très mauvaises expérience.;Amanda Stanislaw Jerzy;False
2020-05-09 00:00:00;1;Il est étonnant que le clavier pour payer en carte bancaire ne soit pas protégé.Visiblement, la protection des clients n'est pas une priorité... tant qu'ils payent!M.B;Anne-Sophie;False
2020-05-02 00:00:00;1;1ère commande et dernière commande au MONOPRIX Drive de Lyon Croix Rousse, erreur sur commande signalée le 9 Avril, jamais de réponse?.retour définitif chez LECLERC, qualité de service et compétitif en prix;krin;False
2020-04-30 00:00:00;3;Depuis 15 jours de plus en plus de produits en rupture et certains le sont depuis plus de trois semaines voir un mois.Je vais aller voir ailleurs;METRAL DOMINIQUE;False
2020-04-24 00:00:00;1;Qualité...on n'en parle pas de la zoub à...très cher !Personnel mal éduqué irrespectueux ( 1 exception pour 1 caissière toutefois)La propreté ce sera dans une autre viebon en gros on change de crémerie !....bye les nazes :);Françoise Prevot;False
2020-04-22 00:00:00;1;Honteux pour les employés du votre magasin. ils ne vont pas toucher la prime des 1000 euros. Ils devraient se mettre en grève. A partir de ce jour je vais aller chez les petits commerçant.;laurent;False
2020-04-10 00:00:00;5;Cliente du Monoprix Fontainebleau je voudrais tous les jours, dire à tout le personnel, combienJe les remercie pour leur professionnalisme et leur gentillesse. Vous êtes vous aussi, nos héros du confinement. Merci Monop de Fontainebleau! ??;Beatrice BERTIN;False
2020-04-10 00:00:00;5;Je viens d'être livrée à l'instant d'une commande passée dimanche à 150?. On m'a prévenu ce matin qu'il me manquait 3 articles. Même les gariguette sont arrivées....merci beaucoup Monoprix.;Audrey Hedin;False
2020-04-06 00:00:00;3;;Marie-Claude ROUMENGAS;False
2020-04-04 00:00:00;1;Surtout ne commandez pas en ligne....;Dj SAND;False
2020-03-31 00:00:00;5;Première expérience avec Monoprix, à part un retard de livraison, bien compréhensible pendant cette période, je suis tout à fait satisfaite. Un grand merci au livreur et à toutes les personnes qui préparent nos commandes.;dg92;False
2020-03-27 00:00:00;1;Soyons solidaires....Parlons en !!commande de ravitaillement pour une dame de 94 ans ....5 JOURS DE RETARD !!!!!!! ET PAS UNE INFORMATIONtelephone bloqué...pas de réponse au 4 messages écritsASSASSINS DE VIEILLES PERSONNES !!!!;Client;False
2020-03-22 00:00:00;2;J'ai passé une commandé  en ligne début mars.Beaucoup d'articles ont été remplacés par des articles de moindre qualité avec le même prix.Pour moi monoprix profite de crise sanitaire.;Dalleau Marie;False
2020-03-06 00:00:00;1;Bons produits et rayons bien agencés.. dommage que le directeur du magasin d antibes sois si peu aimable.. cela est très attristant qu'il parle ainsi à ses employés..;Fleur D;False
2020-02-23 00:00:00;3;Les magasins sont toujours bien placé, mais parfois les prix sont élevés. Mais dans l'ensemble c'est toujours moins cher que franprix, carrefour city,;Baptiste;False
2020-02-13 00:00:00;1;Tarifs très élevés et surtout personnel très désagréable.  Vendeurs qui parlent entre eux en ignorant les clients...;Mélanie JOBRANI;False
2020-02-08 00:00:00;1;Pourquoi y a t ilMollusques et crustacésDans vos sandwichs au pouletEt au fromagePensez vous aux allergiques ???Suis tres  déçueDe cette compositionANORMALE !!!!;SUK;False
2020-02-03 00:00:00;1;Tout comme le dernier avis , j'ai été débité 2 fois et le 26 décembre et depuis impossible d'obtenir un remboursement malgré les justificatifs fournis début janvier et les relances par mail.C'est le summum de l'incompétence.;Yael;False
2020-01-31 00:00:00;1;Pourquoi monoprix n embauche pas de seniors ???12 cv JAMAIS D ENTRETIEN;Chereau;False
2020-01-10 00:00:00;1;BonjoursJ'ai prix un expresso à la cantine du monop'daily au cnit à la Defense le café infecte aucun goût de café de la flotte beurk;Diane. Lu@aliceadsl.fr 100328;False
2019-12-30 00:00:00;1;Les nouveaux panneaux sont ILLISIBLES;MICHEL de CHABANNES Jacques;False
2019-12-24 00:00:00;1;Très décevant. En l'espace de 10 jours, j'ai eu, à 2 reprises, la désagréable surprise de ne pas être livré le jour programmé pour la livraison. Je n'utiliserai désormais plus ce service de livraison, qui a manqué de fiabilité dans mon cas.;charles lebar;False
2019-12-20 00:00:00;1;Le personnel du magasin de Tours centre est très cordial mais les agents de sécurité sont mal élevés et agressifs.Je n y mettrai plus les pieds pour cette raison.;Beverly  Abajoli;False
2019-12-19 00:00:00;5;La qualité, la qualité et encore la qualité.Je ne suis jamais déçu chez Monoprix.;O. BRUNO;False
2019-12-18 00:00:00;1;Campagne de pub anti-chrétien en pleine période de Noël. Si les responsables de la communication de monoprix n'aiment pas nos traditions, ils peuvent émigrer vers le Qatar.;Julien S.;False
2019-12-10 00:00:00;3;15? offerts et livraison sur les superbes recettes lors de vos courses Carrefour réalisées via l'application Jow avec le code CSQF4RUn délice :)Bon appétit!;SuperPlan;False
2019-12-01 00:00:00;1;Livraison de 20% de la commande à date dite, il faut rêler et rappeler pour être livré du reste le lendemain (ils m'avaient oublié!!) et il manque encore des produits!!!!;jumorel;False
2019-11-15 00:00:00;3;Un magasin très bien, en revanche faite attention au dates.!Ce matin en prenant mon starbuks signature Chocolate la date dépasse du 30 /10/2019 alors l heure ou j écris on le 15/11/19. Merci à bientôt;Vivien;False
2019-10-24 00:00:00;1;Monoprix de Mantes la jolieje suis venue hier en envisageant d' acheter une carte cadeau entre le manque de politesse et l incompétence totale de l'employé en haut et celle du bas je suis ressortie sans rien pour moi monoprix c est fini;poloce;False
2019-10-23 00:00:00;1;Bonjour,A ma grande surprise aujourd?hui un vendeur du rayon charcuterie a refusé de me servir du jambon.Je trouve cela anormal.Cordialement,;Philippe Berthot;False
2019-10-13 00:00:00;1;commande aurait dû être livrée aujourd'hui, dimanche 9-11h.pas de livraisonpas d appel (fournis deux numéros)pas de service clients les dimanches;dario;False
2019-10-08 00:00:00;1;Fruits et légumes bio tous emballés en plastique, insupportable. Parfois en lots de 2 fruits.Je refuse et privilège la concurrence.;Elie Mas;False
2019-10-07 00:00:00;1;fuyez la livraison monoprix, plus de 2h de retard aucun message aucun service client accessible apres 22happlication absolument pas fiable une veritable honte;monoprix zero;False
2019-09-17 00:00:00;1;Une catastropheAucun sérieuxPas de respect des livraisons3 jours de retard pour de simple course;TEBOUL DAVID;False
2019-07-07 00:00:00;3;Mais Monoprix vous vous êtes prix pour Louis Vuitton pour un produit le magasin doit doubler le prix. Par contre commande de soutien-gorge par exemple satisfaite et si pas bonne taille remboursé en magasin rapide et efficace;Angeline;False
2019-06-26 00:00:00;1;Monoprix c est de l incompétence total , articles remplacer sans accord , articles oublier sur la commande du grand n importe quoi !!!!!!;Riad Ben;False
2019-06-14 00:00:00;1;Une société pourtant très connu et qui produit des millions d'euros mais beaucoup de mauvais points.Pas d'évolution de carrièrePas de valorisation des salariésPeu de primesEt surtout manipulation des dirigeants.Dégouté même en tant que cliente.;M.L;False
2019-06-11 00:00:00;1;Le livreur n'est jamais passé, sans même prendre la peine de prévenir. Dernière fois que je commande .;Alexandra  MG;False
2019-06-08 00:00:00;2;Que des incompetents je suis vraiment décu de Monoprix;Jacquelinerosalie;False
2019-05-27 00:00:00;1;A éviter pour leur manque de compétence pour gérer les commandes internet. commande bloquée au moment ou je suis partie la chercher Au monoprix de la vache noire à Arcueil.;Chloe;False
2019-05-22 00:00:00;1;NazCela  fait 2 jours que j attends ma livraison toujours rienVive carrefour;Coco;False
2019-05-03 00:00:00;4;C'est vrai que c'est un peu cher, mais les produits sont de qualité. Je me de2place souvent a Cannes pour le boulot et c'est là que je fais mes courses. C'est pratiquement toujours ouvert, et meme le Dimanche.;Cindie75;False
2019-04-20 00:00:00;4;J'aime beaucoup les magasins de cette chaîne. De bons produits bio et une grande diversité de choix. Juste un peu cher à mon goût...;Daniela;False
2019-04-04 00:00:00;4;Jamais rencontré de problème.J'en suis satisfaite.;Laurence R;False
2019-03-29 00:00:00;5;Vous y trouverez tout ce dont vous avez besoin pour vos courses! Best grocery shopping around the flat;Kenny;False
2019-01-31 00:00:00;1;Monoprix Nimes: service zéro, longe attente devant la caisse, marchandise trop chère. Je ne fréquenterai plus ce magasin.;Olivia Kroth;False
2018-12-15 00:00:00;1;Les tables sont sales, rien est nettoyé.Tout est par terre.La propreté est vraiment à revoir. Le personnel n'est pas présent.Vraiment déçu.;Juliette;False
2018-12-08 00:00:00;1;Scandaleux !! 20? euro de frais de livraison et le livreur ne veut pas livrer au 2ème étage pour une femme enceinte de 9mois !!!;justine Boré;False
2018-11-19 00:00:00;1;Service client aux abonnés absent. Après une commande validée mais non livrée puis annulée par ce même service client pour la renvoyer un autre jour. Mais toujours non reçu. Service de livraison cher pour pas grand chose. A fuir absolument.;Florentin Bro;False
2018-11-06 00:00:00;1;Livraison que l on attend depuis plus de 48h avec un service client qui nous dis hier, puis aujourd'hui qu'il n y pas de problème, juste un peu de retard...Heureusement que l on ne compte pas sur eux pour nourrir nos enfants!Bref, plus jamais!;Tsoos;False
2018-10-11 00:00:00;1;La note montera après le renvoi du directeur. L'information doit être rendue publique et médiatisée! je suis choqué!;Bruno Guegan;False
2018-10-11 00:00:00;1;Renvoi du directeur requis. Les mots ne sont pas suffisants face à ce genre comportement.;Jade;False
2018-10-11 00:00:00;1;Aucun respect de la part du directeur, qui en plus ne respecte pas les lois. Je n'y mettrai plus jamais les pieds.;Elios Valera-lopez;False
2018-10-11 00:00:00;1;Pour celui de la Blancarde (où le malvoyant a été rejeté) : très mauvais accueil, seules 2 caissières sont sympas, il faut avoir la chance de tomber dessus et c'est rare !Désormais je boycotte.;Val Charlie Ewing;False
2018-10-10 00:00:00;1;Scandale du chien d'aveugle et de son maître refusés et brutalisés par un de vos gérants sans coeur et en plus dans l'illégalité.;Eric Chevallier;False
2018-08-23 00:00:00;1;Le pire des pires !Dans chaque commandes il manque des articles. La dernière n'a pas été livrée dans le créneau de 2H. Génial quand on paye 8? de frais de port.;Sandra Martinie;False
2018-08-18 00:00:00;1;Tres mauvais impossible passer cde  ca fait 2h 30 que j essayeC est a chaque fois pareilJ abandonne;Janine Varin;False
2018-07-16 00:00:00;1;Ne commandez rien chez Monoprix!! Les erreurs de livraison sont pour votre pomme!;Simin;False
2018-06-02 00:00:00;1;Les prix sont trop chers, les magasins sont mal rangé, produits frais périmés, caissières impolis, peu de choix, bref allez ailleurs ! Je préfère largement Carrefour ou Lidl !;Veronique Dupoireaux;False
2018-05-28 00:00:00;1;Depuis un mois je ne peuxplus selectionner les bons de réductions : impossible d?obtenir de l?aide : ni dans les magasins, ni via service client téléphonique, ni via site internet ...!! Débrouillez vous tout seul !;Christine Bourdin;False
2018-03-05 00:00:00;4;C'est plus cher, mais les horaires de mon Monop me satisfont;Uzes Roland;False
2018-02-19 00:00:00;3;Les produits sont toujours de qualité et le magasin à proximité de mon bureau est ouvert jusque tard le soir: c'est pratique quand je fais nocturne;nadine leclerc;False
2018-01-27 00:00:00;1;J'ai été intoxiqué par un traiteur japonais chez monop ! Les produit frais sont pas si frais que ça. Une fois la chaine du froid rompu, les produit et viandes ont un force risque d'intoxication alimentaire !!!!!!;ryan DESANGES;False
2017-12-04 00:00:00;1;A boycotter!!Beaucoup d erreurs;Monique Ebbo;False
2017-10-23 00:00:00;1;Produits manquants à chaque livraison, retard constant .... service déplorable ...Lors de ma dernière commande 35 euros de produits manquants !C'est du vol;Liotta;False
2017-09-08 00:00:00;1;Virer l'acheteur fruits et légumes. Orange misérables aussi bien à Rennes qu'à Strasbourg.;Rivé;False
2017-08-25 00:00:00;1;Attention au rayon fruits et légumes les balances ne sont pas à zéro,mais affichent déjà un tare(poids) .Ce poids , a être en plus du poids de votre produit pesé:Vous allez PAYER plus que vous ne devez:?CELA RESSEMBLE A DU VOL MANIFESTE.;tratop;False
2017-07-07 00:00:00;4;Il m?arrive de faire quelques achats dans cette enseigne, mais je ne prends pas tout, car je trouve que certaines choses sont chères. En revanche, j?aime bien les produits cosmétiques vendus, ils sont à un prix abordable.;Carlita;False
2017-06-02 00:00:00;4;De très jolies collections pour enfants, très efficace et rapide en livraison.Possibilité d'échange en magasin si problème. Bref, la mode facile comme on aimerait en voir plus souvent.;ST;False
2017-01-19 00:00:00;1;Accueil rue montgrand zéroLégumes bas de gamme très  chersLes prix affichés sur ceux ci ne sont pas les mêmes  qu' en caisse et bien sûr jamais à  L avantage du client de gros écarts parfois jusqu à  2 euros de différenceVérifiez votre ticket;Fabienne;False
2016-11-08 00:00:00;1;Si vous songez à commander vos courses en ligne chez Monoprix, oubliez.Après avoir attendu une soirée entière pour la livraison de ma commande, j'ai du me rendre à l'évidence que cette dernière n'arrivera pas à 21h15.;Mariana;False
2016-02-02 00:00:00;1;Apres une commande passé d'un total de 71? sur le site monoprix, le montant prélevé par ma banque est de 78?.  Que s'est-il passé??;B;False
2016-01-28 00:00:00;1;livré de la moitié de la commande et ensuite bataille pour les avoir au téléphone(temps d'attente ENORME quand ils répondent...) et se faire rembourser!!! organisation médiocre!!! au final c'est plus une perte qu'un gain de temps!;ouzar;False
2015-05-30 00:00:00;4;Bon site mais pourrait etre mieux;Daniela;False
2015-03-27 00:00:00;4;Les produits de cette marque ne sont pas mal, mais je regrette de ne pas avoir trouvé des vernis en vente sur ce site.;Céline;False
2014-05-14 00:00:00;4;Bon site, mais souvent des problèmes de disponibilité des produits qui sont annulés avant la livraison.;Barbara Guerin;False
2012-04-02 00:00:00;4;"pratique et utile pour faire ses courses, livraisons ""écolo"" car propose de grouper les acheteurs du même quartier... large choix de produitsmais comme les autres sites de vente seul le prix de livraison reste un peu cher ! dommage.....";josefa92;False
